Company,Skills Required,Posted
Surya Informatics Solutions Pvt. Ltd.,"python  ,  web technologies  ,  linux  ,  mobile  ,  mysql  ,  angularjs  ,  javascript",Posted few days ago
Perfios Software,"python  ,  java  ,  scala",Posted few days ago
GS LAB,"rest  ,  python  ,  linux  ,  mysql  ,  docker",Posted 5 days ago
COGNITER TECHNOLOGIES,"c#  ,  python  ,  rdbms  ,  oracle  ,  sql",Posted 5 days ago
Ivan Infotech Pvt. Ltd.,"rest  ,  python  ,  security  ,  debugging",Posted few days ago
Triadss Tech Solutions,"python  ,  django  ,  html5  ,  javascript",Posted 6 days ago
GEMINI SOFTWARE SOLUTIONS,"python  ,  docker  ,  django  ,  git  ,  linux",Posted few days ago
quality thought,"rest  ,  python  ,  django  ,  information technology",Posted few days ago
east india securities ltd.,"python  ,  hadoop  ,  machine learning",Posted few days ago
techvantage systems,"rest  ,  python  ,  devops  ,  debugging  ,  shell scripting  ,  storage",Posted few days ago
JobsLo Consultants,"python  ,  linux  ,  windows  ,  sql",Posted few days ago
Techment Technology Inc.,"python  ,  html5  ,  javascript  ,  security  ,  django  ,  debugging",Posted 3 days ago
art technology and software india pvt ltd,"rest  ,  python  ,  database  ,  django  ,  api",Posted few days ago
sjain ventures,"python  ,  web developer  ,  web services",Posted few days ago
TECHNOPARK TRIVANDRUM,"storage  ,  database  ,  debugging  ,  mysql  ,  mongodb  ,  python",Posted 5 days ago
Wing Global IT Services,"spring boot  ,  python  ,  java  ,  django  ,  jpa  ,  hibernate",Posted 5 days ago
systango,"python  ,  django  ,  javascript  ,  web programming",Posted few days ago
TandA HR Solutions,"Python  ,   Django  ,   Flask  ,   unit testing",Posted few days ago
TECHNOPARK TRIVANDRUM,"Python Developer  ,  Tool Automation  ,  embedded tool",Posted 6 days ago
TandA HR Solutions,"python  ,  git  ,  django  ,   GIT Hub",Posted few days ago
TandA HR Solutions,"Python  ,   Django  ,   Flask  ,   GIT Hub",Posted few days ago
GS LAB,"python  ,  git  ,  rest api  ,  linux",Posted few days ago
young minds technology solutions pvt ltd,"python  ,  html5  ,  storage  ,  javascript  ,  security  ,  django",Posted few days ago
Gemini Solutions,"python  ,  mobile  ,  docker  ,  django  ,  git  ,  linux  ,  api",Posted few days ago
APPLYCUP HIRING SOLUTIONS LLP,"python  ,  web technologies  ,  web technologies",Posted few days ago
