company_name,skills,more_info,publish_date
1,"
CareerProgressConsultants

","

PowerBI,SOFTWAREARCHITECT,functionaldesign

",https://www.timesjobs.com/job-detail/software-architect-career-progress-consultants-bengaluru-bangalore-0-to-3-yrs-jobid-KW8ud6FcwmJzpSvf__PLUS__uAgZw==&source=srp,Posted today
2,"
berkmeerindiaprivatelimited(hgshealthcare)

","

hive,cloudera,sqlserverdeveloper,scala,datawarehousing,sql,pig,database,java,hadoop,technicalskills,bigdata,python,oracle,triggers,infrastructure

",https://www.timesjobs.com/job-detail/technical-lead-berkmeer-india-private-limited-hgs-healthcare-bengaluru-bangalore-3-to-6-yrs-jobid-0JWPqrZibMFzpSvf__PLUS__uAgZw==&source=srp,Posted today
3,"
berkmeerindiaprivatelimited(hgshealthcare)

","

SOFTWAREARCHITECT,DAXqueries,PowerBI

",https://www.timesjobs.com/job-detail/software-architect-berkmeer-india-private-limited-hgs-healthcare-bengaluru-bangalore-6-to-8-yrs-jobid-yDR__PLUS__NNfVPfhzpSvf__PLUS__uAgZw==&source=srp,Posted today
4,"
GettyImages

","

seniorsoftwareengineer,java,c#,python,algorithms,lucene,sql,elasticsearch,softwareengineer,naturallanguageprocessing,teamplayer,machinelearning,ruby,splunk,forms

",https://www.timesjobs.com/job-detail/senior-software-engineer-search-ranking-getty-images-0-to-3-yrs-jobid-92MSL1rMZhNzpSvf__PLUS__uAgZw==&source=srp,Posted today
5,"
GettyImages

","

seniorsoftwareengineer,java,c#,python,algorithms,lucene,sql,elasticsearch,softwareengineer,naturallanguageprocessing,teamplayer,machinelearning,ruby,splunk,forms

",https://www.timesjobs.com/job-detail/search-and-ranking-senior-software-engineer-getty-images-0-to-3-yrs-jobid-__PLUS__KQoHDMw74FzpSvf__PLUS__uAgZw==&source=srp,Posted today
6,"
GettyImages

","

webservices,softwaredevelopment,mentoring,technicalleadership,security,designpatterns,servicing,cvs,applicationdevelopment,servicedesign,forms

",https://www.timesjobs.com/job-detail/senior-software-engineer-services-getty-images-5-to-8-yrs-jobid-LfbNjLWq2i5zpSvf__PLUS__uAgZw==&source=srp,Posted today
7,"
SonicWallInc.

","

restapi,java,devops,mysql,python,networkmanagement,nosql,sql,database,linux,mongodb,mobile

",https://www.timesjobs.com/job-detail/senior-software-engineer-networking-sonicwall-inc-7-to-10-yrs-jobid-4TjgCIWe7WRzpSvf__PLUS__uAgZw==&source=srp,Posted today
8,"
SonicWallInc.

","

restapi,java,devops,mysql,python,networkmanagement,nosql,sql,database,linux,mongodb,mobile

",https://www.timesjobs.com/job-detail/senior-software-engineer-java-sonicwall-inc-7-to-10-yrs-jobid-mBOd5HSso75zpSvf__PLUS__uAgZw==&source=srp,Posted today
9,"
SonicWallInc.

","

restapi,java,devops,mysql,python,networkmanagement,nosql,sql,database,linux,mongodb,mobile

",https://www.timesjobs.com/job-detail/senior-software-engineer-java-or-golang-sonicwall-inc-7-to-10-yrs-jobid-N58__PLUS__X5ru6IBzpSvf__PLUS__uAgZw==&source=srp,Posted today
10,"
SonicWallInc.

","

restapi,java,devops,mysql,python,networkmanagement,nosql,sql,database,linux,mongodb,mobile

",https://www.timesjobs.com/job-detail/principal-engineer-networking-sonicwall-inc-10-to-13-yrs-jobid-Yn5Iiht5CSBzpSvf__PLUS__uAgZw==&source=srp,Posted today
11,"
SonicWallInc.

","

sso,database,java,iam,devops,python,mobile,accessmanagement,javascript,networkmanagement

",https://www.timesjobs.com/job-detail/principal-engineer-identity-sonicwall-inc-7-to-10-yrs-jobid-VRZi0AJZQUxzpSvf__PLUS__uAgZw==&source=srp,Posted today
12,"
SonicWallInc.

","

restapi,sso,java,devops,python,javascript,networkmanagement,database,iam,linux,mobile,accessmanagement

",https://www.timesjobs.com/job-detail/principal-engineer-identity-sonicwall-inc-10-to-13-yrs-jobid-qqL97zrQZVpzpSvf__PLUS__uAgZw==&source=srp,Posted today
13,"
SonicWallInc.

","

restapi,java,devops,mysql,python,networkmanagement,nosql,sql,database,linux,mongodb,mobile

",https://www.timesjobs.com/job-detail/principal-engineer-networking-sonicwall-inc-7-to-10-yrs-jobid-pN1vYEYEHC1zpSvf__PLUS__uAgZw==&source=srp,Posted today
14,"
SonicWallInc.

","

sso,database,java,iam,devops,python,mobile,accessmanagement,javascript,networkmanagement

",https://www.timesjobs.com/job-detail/principal-engineer-iam-sonicwall-inc-10-to-13-yrs-jobid-eUfWp3hcOz5zpSvf__PLUS__uAgZw==&source=srp,Posted today
15,"
RSASECURITYINDIAPVTLIMITED

","

ContinuousEngineering,SQLServer,Datadogsystem

",https://www.timesjobs.com/job-detail/archer-continuous-engineering-ce-rsa-security-india-pvt-limited-2-to-5-yrs-jobid-kZ0I6hk1XV1zpSvf__PLUS__uAgZw==&source=srp,Posted today
16,"
RSASECURITYINDIAPVTLIMITED

","

seniorsoftwareengineer,intellij,java,mysql,github,enterprisesecurity,springframework,storage,bootstrap,hibernate,security,git,softwareengineer,cloudservices,junit,mobile,accessmanagement,gradle,springboot

",https://www.timesjobs.com/job-detail/software-engineer-2-rsa-security-india-pvt-limited-2-to-5-yrs-jobid-lJ6z8oHjhPpzpSvf__PLUS__uAgZw==&source=srp,Posted today
17,"
RSASECURITYINDIAPVTLIMITED

","

ITInfrastructure,configuration,cybersecurity

",https://www.timesjobs.com/job-detail/netwitness-consultant-it-infrastructure-rsa-security-india-pvt-limited-8-to-12-yrs-jobid-f9Mw4hufu3FzpSvf__PLUS__uAgZw==&source=srp,Posted today
18,"
MaaniaConsultancyServices

","

appian,java,informationtechnology,api,bpm

",https://www.timesjobs.com/job-detail/appian-developer-remote-maania-consultancy-services-1-to-4-yrs-jobid-FF9C0kI7R55zpSvf__PLUS__uAgZw==&source=srp,Posted today
19,"
MaaniaConsultancyServices

","

oracle,vmware,rhel,storage,database,virtualmachine,infrastructure,windowsplatform,linux,aws

",https://www.timesjobs.com/job-detail/aws-sr-cloud-engineer-maania-consultancy-services-4-to-7-yrs-jobid-TOx68U6VBhZzpSvf__PLUS__uAgZw==&source=srp,Posted today
20,"
MaaniaConsultancyServices

","

CloudEngineer,enterprisesoftware,Azuretechnologies

",https://www.timesjobs.com/job-detail/azure-cloud-engineer-maania-consultancy-services-0-to-3-yrs-jobid-8__PLUS__eBPAqJWWZzpSvf__PLUS__uAgZw==&source=srp,Posted today
21,"
MaaniaConsultancyServices

","

systemadministration,penetrationtesting,vulnerability,computerforensics

",https://www.timesjobs.com/job-detail/exploitation-analyst-ts-sci-with-ci-poly-maania-consultancy-services-0-to-3-yrs-jobid-mJc61XBUXlNzpSvf__PLUS__uAgZw==&source=srp,Posted today
22,"
MaaniaConsultancyServices

","

jquery,sql,react.js,security,java,postgresql,linux,systemdevelopment,webdevelopment,html,shellscripting,api,mongodb,rdbms,os,javascript,nosql,springboot,angularjs

",https://www.timesjobs.com/job-detail/full-stack-developer-top-secret-maania-consultancy-services-0-to-3-yrs-jobid-qo5mffpCTvRzpSvf__PLUS__uAgZw==&source=srp,Posted today
23,"
MaaniaConsultancyServices

","

database,git,postgresql

",https://www.timesjobs.com/job-detail/senior-aws-cloud-native-developer-secret-maania-consultancy-services-0-to-3-yrs-jobid-h5NIHsx__PLUS__7RBzpSvf__PLUS__uAgZw==&source=srp,Posted today
24,"
MaaniaConsultancyServices

","

owasp,vulnerability,windows,security,ids,penetrationtesting

",https://www.timesjobs.com/job-detail/red-team-professional-maania-consultancy-services-5-to-8-yrs-jobid-Fg47__PLUS__IdSu__PLUS__VzpSvf__PLUS__uAgZw==&source=srp,Posted today
25,"
MaaniaConsultancyServices

","

owasp,vulnerability,windows,security,ids,penetrationtesting

",https://www.timesjobs.com/job-detail/red-team-professional-dc-md-va-maania-consultancy-services-5-to-8-yrs-jobid-CrbXLJ7dT15zpSvf__PLUS__uAgZw==&source=srp,Posted today
